{
  "dataset": "small",
  "memories": 500,
  "queries": 500,
  "memq_recall": 0.36,
  "memq_time": 6.426860094070435,
  "ce_recall": 0.334,
  "ce_time": 42.60273337364197,
  "improvement": -7.222222222222213,
  "overhead": 562.8856510031735
}